indices,effect,R2
INTERCEPT,0.7519947916666669,0
233,0.11110937499999984,0.01606536558956717
254,0.6834947916666666,0.6079384651709756
271,0.07588020833333342,0.007492836100131628
272,0.10981770833333336,0.015694011154666843
306,-0.13771354166666666,0.02467984902136411
313,0.014317708333333273,0.00026676953141213655
233|254,0.0002968750000000263,1.1469287974907871e-07
233|271,-0.027234375000000248,0.0009652149276196953
233|272,-0.010796875000000143,0.0001516999195387836
233|306,0.11194270833333334,0.016307253543844547
233|313,-0.10052604166666682,0.013150624212759587
254|271,-0.13799479166666667,0.024780758422249693
254|272,-0.05889062499999978,0.004513168316057303
254|306,0.004786458333333386,2.981382988009873e-05
254|313,-0.02657812499999994,0.0009192589839036591
271|272,-0.04577604166666658,0.0027268777932411004
271|306,0.09917187499999998,0.01279871158007806
271|313,0.0960781249999999,0.01201263390468943
272|306,0.12473437500000006,0.020247038758911984
272|313,0.07932812499999992,0.008189239687730554
306|313,0.15060937499999996,0.02951842737202559
233|254|271,0.03886979166666649,0.001966136336292279
233|254|272,-0.036567708333333164,0.0017401420122614697
233|254|306,0.05654687499999979,0.004161083414599531
233|254|313,-0.08960937499999994,0.010449514192423015
233|271|272,0.009671875000000142,0.00012173362473133498
233|271|306,0.046223958333333336,0.0027805036512033032
233|271|313,-0.08986979166666675,0.01051033777874033
233|272|306,0.06532812500000021,0.0055537917470570575
233|272|313,-0.020494791666666467,0.0005466082970653208
233|306|313,0.00772395833333344,7.76370541660798e-05
254|271|272,-0.11402604166666652,0.016919880848769053
254|271|306,0.016046874999999974,0.00033509669376419193
254|271|313,-0.0890260416666668,0.010313909860030002
254|272|306,0.020109374999999992,0.0005262430212437108
254|272|313,-0.04365104166666673,0.002479581729025293
254|306|313,0.04188020833333323,0.0022824794204174825
271|272|306,0.07572395833333342,0.007462009873483111
271|272|313,-0.003973958333333416,2.0551135474611293e-05
271|306|313,0.11149479166666668,0.016177014112991772
272|306|313,0.14828645833333315,0.02861489712749654
233|254|271|272,-0.02293229166666661,0.0006843592113719987
233|254|271|306,0.02874479166666663,0.001075245254180457
233|254|271|313,-0.042786458333333444,0.002382329791941973
233|254|272|306,0.006140625000000004,4.906980774710412e-05
233|254|272|313,-0.058078125000000036,0.004389493172797687
233|254|306|313,-0.05435937499999992,0.0038453698175264783
233|271|272|306,0.05217187499999989,0.0035421104057422603
233|271|272|313,-0.02460937500000005,0.0007881164128120677
233|271|306|313,-0.03303645833333327,0.0014202871867736722
233|272|306|313,0.03458854166666671,0.0015568748632297513
254|271|272|306,-0.03144270833333342,0.001286557195146476
254|271|272|313,-0.08649479166666665,0.00973574337052241
254|271|306|313,0.02314062499999993,0.0006968501096787927
254|272|306|313,0.032390625000000055,0.0013652992758489413
271|272|306|313,0.09727604166666656,0.012314052017424415
233|254|271|272|306,0.04940104166666659,0.0031758604923636247
233|254|271|272|313,-0.03194270833333332,0.0013278000345927632
233|254|271|306|313,-0.04245312500000005,0.0023453546996173857
233|254|272|306|313,-0.025661458333333234,0.0008569428722067229
233|271|272|306|313,0.02805729166666661,0.0010244262476375443
254|271|272|306|313,-0.013661458333333404,0.00024287528735089658
233|254|271|272|306|313,0.02680729166666652,0.0009351797253021044
