,0
INTERCEPT,0.7519947916666668
D.233,-0.11439062499999979
E.233,0.11439062499999979
H.254,-0.7915260416666665
R.254,0.7915260416666665
L.271,-0.11279687500000002
F.271,0.11279687500000002
L.272,-0.10204687500000009
M.272,0.10204687500000009
F.306,0.22495312500000014
I.306,-0.22495312500000014
I.313,0.038901041666666615
F.313,-0.038901041666666615
D.233|H.254,0.032859375000000135
D.233|R.254,-0.032859375000000135
E.233|H.254,-0.032859375000000135
E.233|R.254,0.032859375000000135
D.233|L.271,-0.024203124999999923
D.233|F.271,0.024203124999999923
E.233|L.271,0.024203124999999923
E.233|F.271,-0.024203124999999923
D.233|L.272,-0.03641145833333316
D.233|M.272,0.03641145833333316
E.233|L.272,0.03641145833333316
E.233|M.272,-0.03641145833333316
D.233|F.306,0.0651510416666667
D.233|I.306,-0.0651510416666667
E.233|F.306,-0.0651510416666667
E.233|I.306,0.0651510416666667
D.233|I.313,-0.05058854166666678
D.233|F.313,0.05058854166666678
E.233|I.313,0.05058854166666678
E.233|F.313,-0.05058854166666678
H.254|L.271,0.006953124999999977
H.254|F.271,-0.006953124999999977
R.254|L.271,-0.006953124999999977
R.254|F.271,0.006953124999999977
H.254|L.272,0.041369791666666655
H.254|M.272,-0.041369791666666655
R.254|L.272,-0.041369791666666655
R.254|M.272,0.041369791666666655
H.254|F.306,0.025578125000000083
H.254|I.306,-0.025578125000000083
R.254|F.306,-0.025578125000000083
R.254|I.306,0.025578125000000083
H.254|I.313,0.02823437499999995
H.254|F.313,-0.02823437499999995
R.254|I.313,-0.02823437499999995
R.254|F.313,0.02823437499999995
L.271|L.272,-0.016630208333333535
L.271|M.272,0.016630208333333535
F.271|L.272,0.016630208333333535
F.271|M.272,-0.016630208333333535
L.271|F.306,0.0488489583333333
L.271|I.306,-0.0488489583333333
F.271|F.306,-0.0488489583333333
F.271|I.306,0.0488489583333333
L.271|I.313,0.07977604166666649
L.271|F.313,-0.07977604166666649
F.271|I.313,-0.07977604166666649
F.271|F.313,0.07977604166666649
L.272|F.306,0.02972395833333351
L.272|I.306,-0.02972395833333351
M.272|F.306,-0.02972395833333351
M.272|I.306,0.02972395833333351
L.272|I.313,0.018338541666666486
L.272|F.313,-0.018338541666666486
M.272|I.313,-0.018338541666666486
M.272|F.313,0.018338541666666486
F.306|I.313,0.01015104166666659
F.306|F.313,-0.01015104166666659
I.306|I.313,-0.01015104166666659
I.306|F.313,0.01015104166666659
D.233|H.254|L.271,-0.07118229166666659
D.233|H.254|F.271,0.07118229166666659
D.233|R.254|L.271,0.07118229166666659
D.233|R.254|F.271,-0.07118229166666659
E.233|H.254|L.271,0.07118229166666659
E.233|H.254|F.271,-0.07118229166666659
E.233|R.254|L.271,-0.07118229166666659
E.233|R.254|F.271,0.07118229166666659
D.233|H.254|L.272,0.03290104166666649
D.233|H.254|M.272,-0.03290104166666649
D.233|R.254|L.272,-0.03290104166666649
D.233|R.254|M.272,0.03290104166666649
E.233|H.254|L.272,-0.03290104166666649
E.233|H.254|M.272,0.03290104166666649
E.233|R.254|L.272,0.03290104166666649
E.233|R.254|M.272,-0.03290104166666649
D.233|H.254|F.306,-0.03903645833333333
D.233|H.254|I.306,0.03903645833333333
D.233|R.254|F.306,0.03903645833333333
D.233|R.254|I.306,-0.03903645833333333
E.233|H.254|F.306,0.03903645833333333
E.233|H.254|I.306,-0.03903645833333333
E.233|R.254|F.306,-0.03903645833333333
E.233|R.254|I.306,0.03903645833333333
D.233|H.254|I.313,0.01039062499999989
D.233|H.254|F.313,-0.01039062499999989
D.233|R.254|I.313,-0.01039062499999989
D.233|R.254|F.313,0.01039062499999989
E.233|H.254|I.313,-0.01039062499999989
E.233|H.254|F.313,0.01039062499999989
E.233|R.254|I.313,0.01039062499999989
E.233|R.254|F.313,-0.01039062499999989
D.233|L.271|L.272,0.016192708333333403
D.233|L.271|M.272,-0.016192708333333403
D.233|F.271|L.272,-0.016192708333333403
D.233|F.271|M.272,0.016192708333333403
E.233|L.271|L.272,-0.016192708333333403
E.233|L.271|M.272,0.016192708333333403
E.233|F.271|L.272,0.016192708333333403
E.233|F.271|M.272,-0.016192708333333403
D.233|L.271|F.306,0.0008177083333334514
D.233|L.271|I.306,-0.0008177083333334514
D.233|F.271|F.306,-0.0008177083333334514
D.233|F.271|I.306,0.0008177083333334514
E.233|L.271|F.306,-0.0008177083333334514
E.233|L.271|I.306,0.0008177083333334514
E.233|F.271|F.306,0.0008177083333334514
E.233|F.271|I.306,-0.0008177083333334514
D.233|L.271|I.313,0.04018229166666683
D.233|L.271|F.313,-0.04018229166666683
D.233|F.271|I.313,-0.04018229166666683
D.233|F.271|F.313,0.04018229166666683
E.233|L.271|I.313,-0.04018229166666683
E.233|L.271|F.313,0.04018229166666683
E.233|F.271|I.313,0.04018229166666683
E.233|F.271|F.313,-0.04018229166666683
D.233|L.272|F.306,0.010359374999999983
D.233|L.272|I.306,-0.010359374999999983
D.233|M.272|F.306,-0.010359374999999983
D.233|M.272|I.306,0.010359374999999983
E.233|L.272|F.306,-0.010359374999999983
E.233|L.272|I.306,0.010359374999999983
E.233|M.272|F.306,0.010359374999999983
E.233|M.272|I.306,-0.010359374999999983
D.233|L.272|I.313,-0.0005468749999999883
D.233|L.272|F.313,0.0005468749999999883
D.233|M.272|I.313,0.0005468749999999883
D.233|M.272|F.313,-0.0005468749999999883
E.233|L.272|I.313,0.0005468749999999883
E.233|L.272|F.313,-0.0005468749999999883
E.233|M.272|I.313,-0.0005468749999999883
E.233|M.272|F.313,0.0005468749999999883
D.233|F.306|I.313,-0.007588541666666622
D.233|F.306|F.313,0.007588541666666622
D.233|I.306|I.313,0.007588541666666622
D.233|I.306|F.313,-0.007588541666666622
E.233|F.306|I.313,0.007588541666666622
E.233|F.306|F.313,-0.007588541666666622
E.233|I.306|I.313,-0.007588541666666622
E.233|I.306|F.313,0.007588541666666622
H.254|L.271|L.272,-0.023151041666666664
H.254|L.271|M.272,0.023151041666666664
H.254|F.271|L.272,0.023151041666666664
H.254|F.271|M.272,-0.023151041666666664
R.254|L.271|L.272,0.023151041666666664
R.254|L.271|M.272,-0.023151041666666664
R.254|F.271|L.272,-0.023151041666666664
R.254|F.271|M.272,0.023151041666666664
H.254|L.271|F.306,-0.07375520833333345
H.254|L.271|I.306,0.07375520833333345
H.254|F.271|F.306,0.07375520833333345
H.254|F.271|I.306,-0.07375520833333345
R.254|L.271|F.306,0.07375520833333345
R.254|L.271|I.306,-0.07375520833333345
R.254|F.271|F.306,-0.07375520833333345
R.254|F.271|I.306,0.07375520833333345
H.254|L.271|I.313,-0.0027031250000000007
H.254|L.271|F.313,0.0027031250000000007
H.254|F.271|I.313,0.0027031250000000007
H.254|F.271|F.313,-0.0027031250000000007
R.254|L.271|I.313,0.0027031250000000007
R.254|L.271|F.313,-0.0027031250000000007
R.254|F.271|I.313,-0.0027031250000000007
R.254|F.271|F.313,0.0027031250000000007
H.254|L.272|F.306,-0.033130208333333244
H.254|L.272|I.306,0.033130208333333244
H.254|M.272|F.306,0.033130208333333244
H.254|M.272|I.306,-0.033130208333333244
R.254|L.272|F.306,0.033130208333333244
R.254|L.272|I.306,-0.033130208333333244
R.254|M.272|F.306,-0.033130208333333244
R.254|M.272|I.306,0.033130208333333244
H.254|L.272|I.313,-0.0033906250000000776
H.254|L.272|F.313,0.0033906250000000776
H.254|M.272|I.313,0.0033906250000000776
H.254|M.272|F.313,-0.0033906250000000776
R.254|L.272|I.313,0.0033906250000000776
R.254|L.272|F.313,-0.0033906250000000776
R.254|M.272|I.313,-0.0033906250000000776
R.254|M.272|F.313,0.0033906250000000776
H.254|F.306|I.313,-0.009453124999999882
H.254|F.306|F.313,0.009453124999999882
H.254|I.306|I.313,0.009453124999999882
H.254|I.306|F.313,-0.009453124999999882
R.254|F.306|I.313,0.009453124999999882
R.254|F.306|F.313,-0.009453124999999882
R.254|I.306|I.313,-0.009453124999999882
R.254|I.306|F.313,0.009453124999999882
L.271|L.272|F.306,-0.01763020833333335
L.271|L.272|I.306,0.01763020833333335
L.271|M.272|F.306,0.01763020833333335
L.271|M.272|I.306,-0.01763020833333335
F.271|L.272|F.306,0.01763020833333335
F.271|L.272|I.306,-0.01763020833333335
F.271|M.272|F.306,-0.01763020833333335
F.271|M.272|I.306,0.01763020833333335
L.271|L.272|I.313,0.028046875
L.271|L.272|F.313,-0.028046875
L.271|M.272|I.313,-0.028046875
L.271|M.272|F.313,0.028046875
F.271|L.272|I.313,-0.028046875
F.271|L.272|F.313,0.028046875
F.271|M.272|I.313,0.028046875
F.271|M.272|F.313,-0.028046875
L.271|F.306|I.313,-0.00795312500000006
L.271|F.306|F.313,0.00795312500000006
L.271|I.306|I.313,0.00795312500000006
L.271|I.306|F.313,-0.00795312500000006
F.271|F.306|I.313,0.00795312500000006
F.271|F.306|F.313,-0.00795312500000006
F.271|I.306|I.313,-0.00795312500000006
F.271|I.306|F.313,0.00795312500000006
L.272|F.306|I.313,-5.729166666658403e-05
L.272|F.306|F.313,5.729166666658403e-05
L.272|I.306|I.313,5.729166666658403e-05
L.272|I.306|F.313,-5.729166666658403e-05
M.272|F.306|I.313,5.729166666658403e-05
M.272|F.306|F.313,-5.729166666658403e-05
M.272|I.306|I.313,-5.729166666658403e-05
M.272|I.306|F.313,5.729166666658403e-05
D.233|H.254|L.271|L.272,-0.019515624999999953
D.233|H.254|L.271|M.272,0.019515624999999953
D.233|H.254|F.271|L.272,0.019515624999999953
D.233|H.254|F.271|M.272,-0.019515624999999953
D.233|R.254|L.271|L.272,0.019515624999999953
D.233|R.254|L.271|M.272,-0.019515624999999953
D.233|R.254|F.271|L.272,-0.019515624999999953
D.233|R.254|F.271|M.272,0.019515624999999953
E.233|H.254|L.271|L.272,0.019515624999999953
E.233|H.254|L.271|M.272,-0.019515624999999953
E.233|H.254|F.271|L.272,-0.019515624999999953
E.233|H.254|F.271|M.272,0.019515624999999953
E.233|R.254|L.271|L.272,-0.019515624999999953
E.233|R.254|L.271|M.272,0.019515624999999953
E.233|R.254|F.271|L.272,0.019515624999999953
E.233|R.254|F.271|M.272,-0.019515624999999953
D.233|H.254|L.271|F.306,0.010984374999999949
D.233|H.254|L.271|I.306,-0.010984374999999949
D.233|H.254|F.271|F.306,-0.010984374999999949
D.233|H.254|F.271|I.306,0.010984374999999949
D.233|R.254|L.271|F.306,-0.010984374999999949
D.233|R.254|L.271|I.306,0.010984374999999949
D.233|R.254|F.271|F.306,0.010984374999999949
D.233|R.254|F.271|I.306,-0.010984374999999949
E.233|H.254|L.271|F.306,-0.010984374999999949
E.233|H.254|L.271|I.306,0.010984374999999949
E.233|H.254|F.271|F.306,0.010984374999999949
E.233|H.254|F.271|I.306,-0.010984374999999949
E.233|R.254|L.271|F.306,0.010984374999999949
E.233|R.254|L.271|I.306,-0.010984374999999949
E.233|R.254|F.271|F.306,-0.010984374999999949
E.233|R.254|F.271|I.306,0.010984374999999949
D.233|H.254|L.271|I.313,0.036182291666666574
D.233|H.254|L.271|F.313,-0.036182291666666574
D.233|H.254|F.271|I.313,-0.036182291666666574
D.233|H.254|F.271|F.313,0.036182291666666574
D.233|R.254|L.271|I.313,-0.036182291666666574
D.233|R.254|L.271|F.313,0.036182291666666574
D.233|R.254|F.271|I.313,0.036182291666666574
D.233|R.254|F.271|F.313,-0.036182291666666574
E.233|H.254|L.271|I.313,-0.036182291666666574
E.233|H.254|L.271|F.313,0.036182291666666574
E.233|H.254|F.271|I.313,0.036182291666666574
E.233|H.254|F.271|F.313,-0.036182291666666574
E.233|R.254|L.271|I.313,0.036182291666666574
E.233|R.254|L.271|F.313,-0.036182291666666574
E.233|R.254|F.271|I.313,-0.036182291666666574
E.233|R.254|F.271|F.313,0.036182291666666574
D.233|H.254|L.272|F.306,-0.04026562499999989
D.233|H.254|L.272|I.306,0.04026562499999989
D.233|H.254|M.272|F.306,0.04026562499999989
D.233|H.254|M.272|I.306,-0.04026562499999989
D.233|R.254|L.272|F.306,0.04026562499999989
D.233|R.254|L.272|I.306,-0.04026562499999989
D.233|R.254|M.272|F.306,-0.04026562499999989
D.233|R.254|M.272|I.306,0.04026562499999989
E.233|H.254|L.272|F.306,0.04026562499999989
E.233|H.254|L.272|I.306,-0.04026562499999989
E.233|H.254|M.272|F.306,-0.04026562499999989
E.233|H.254|M.272|I.306,0.04026562499999989
E.233|R.254|L.272|F.306,-0.04026562499999989
E.233|R.254|L.272|I.306,0.04026562499999989
E.233|R.254|M.272|F.306,0.04026562499999989
E.233|R.254|M.272|I.306,-0.04026562499999989
D.233|H.254|L.272|I.313,-0.007755208333333291
D.233|H.254|L.272|F.313,0.007755208333333291
D.233|H.254|M.272|I.313,0.007755208333333291
D.233|H.254|M.272|F.313,-0.007755208333333291
D.233|R.254|L.272|I.313,0.007755208333333291
D.233|R.254|L.272|F.313,-0.007755208333333291
D.233|R.254|M.272|I.313,-0.007755208333333291
D.233|R.254|M.272|F.313,0.007755208333333291
E.233|H.254|L.272|I.313,0.007755208333333291
E.233|H.254|L.272|F.313,-0.007755208333333291
E.233|H.254|M.272|I.313,-0.007755208333333291
E.233|H.254|M.272|F.313,0.007755208333333291
E.233|R.254|L.272|I.313,-0.007755208333333291
E.233|R.254|L.272|F.313,0.007755208333333291
E.233|R.254|M.272|I.313,0.007755208333333291
E.233|R.254|M.272|F.313,-0.007755208333333291
D.233|H.254|F.306|I.313,-0.02521354166666656
D.233|H.254|F.306|F.313,0.02521354166666656
D.233|H.254|I.306|I.313,0.02521354166666656
D.233|H.254|I.306|F.313,-0.02521354166666656
D.233|R.254|F.306|I.313,0.02521354166666656
D.233|R.254|F.306|F.313,-0.02521354166666656
D.233|R.254|I.306|I.313,-0.02521354166666656
D.233|R.254|I.306|F.313,0.02521354166666656
E.233|H.254|F.306|I.313,0.02521354166666656
E.233|H.254|F.306|F.313,-0.02521354166666656
E.233|H.254|I.306|I.313,-0.02521354166666656
E.233|H.254|I.306|F.313,0.02521354166666656
E.233|R.254|F.306|I.313,-0.02521354166666656
E.233|R.254|F.306|F.313,0.02521354166666656
E.233|R.254|I.306|I.313,0.02521354166666656
E.233|R.254|I.306|F.313,-0.02521354166666656
D.233|L.271|L.272|F.306,-0.023765624999999804
D.233|L.271|L.272|I.306,0.023765624999999804
D.233|L.271|M.272|F.306,0.023765624999999804
D.233|L.271|M.272|I.306,-0.023765624999999804
D.233|F.271|L.272|F.306,0.023765624999999804
D.233|F.271|L.272|I.306,-0.023765624999999804
D.233|F.271|M.272|F.306,-0.023765624999999804
D.233|F.271|M.272|I.306,0.023765624999999804
E.233|L.271|L.272|F.306,0.023765624999999804
E.233|L.271|L.272|I.306,-0.023765624999999804
E.233|L.271|M.272|F.306,-0.023765624999999804
E.233|L.271|M.272|I.306,0.023765624999999804
E.233|F.271|L.272|F.306,-0.023765624999999804
E.233|F.271|L.272|I.306,0.023765624999999804
E.233|F.271|M.272|F.306,0.023765624999999804
E.233|F.271|M.272|I.306,-0.023765624999999804
D.233|L.271|L.272|I.313,-0.0038177083333333847
D.233|L.271|L.272|F.313,0.0038177083333333847
D.233|L.271|M.272|I.313,0.0038177083333333847
D.233|L.271|M.272|F.313,-0.0038177083333333847
D.233|F.271|L.272|I.313,0.0038177083333333847
D.233|F.271|L.272|F.313,-0.0038177083333333847
D.233|F.271|M.272|I.313,-0.0038177083333333847
D.233|F.271|M.272|F.313,0.0038177083333333847
E.233|L.271|L.272|I.313,0.0038177083333333847
E.233|L.271|L.272|F.313,-0.0038177083333333847
E.233|L.271|M.272|I.313,-0.0038177083333333847
E.233|L.271|M.272|F.313,0.0038177083333333847
E.233|F.271|L.272|I.313,-0.0038177083333333847
E.233|F.271|L.272|F.313,0.0038177083333333847
E.233|F.271|M.272|I.313,0.0038177083333333847
E.233|F.271|M.272|F.313,-0.0038177083333333847
D.233|L.271|F.306|I.313,-0.033421874999999907
D.233|L.271|F.306|F.313,0.033421874999999907
D.233|L.271|I.306|I.313,0.033421874999999907
D.233|L.271|I.306|F.313,-0.033421874999999907
D.233|F.271|F.306|I.313,0.033421874999999907
D.233|F.271|F.306|F.313,-0.033421874999999907
D.233|F.271|I.306|I.313,-0.033421874999999907
D.233|F.271|I.306|F.313,0.033421874999999907
E.233|L.271|F.306|I.313,0.033421874999999907
E.233|L.271|F.306|F.313,-0.033421874999999907
E.233|L.271|I.306|I.313,-0.033421874999999907
E.233|L.271|I.306|F.313,0.033421874999999907
E.233|F.271|F.306|I.313,-0.033421874999999907
E.233|F.271|F.306|F.313,0.033421874999999907
E.233|F.271|I.306|I.313,0.033421874999999907
E.233|F.271|I.306|F.313,-0.033421874999999907
D.233|L.272|F.306|I.313,0.005557291666666693
D.233|L.272|F.306|F.313,-0.005557291666666693
D.233|L.272|I.306|I.313,-0.005557291666666693
D.233|L.272|I.306|F.313,0.005557291666666693
D.233|M.272|F.306|I.313,-0.005557291666666693
D.233|M.272|F.306|F.313,0.005557291666666693
D.233|M.272|I.306|I.313,0.005557291666666693
D.233|M.272|I.306|F.313,-0.005557291666666693
E.233|L.272|F.306|I.313,-0.005557291666666693
E.233|L.272|F.306|F.313,0.005557291666666693
E.233|L.272|I.306|I.313,0.005557291666666693
E.233|L.272|I.306|F.313,-0.005557291666666693
E.233|M.272|F.306|I.313,0.005557291666666693
E.233|M.272|F.306|F.313,-0.005557291666666693
E.233|M.272|I.306|I.313,-0.005557291666666693
E.233|M.272|I.306|F.313,0.005557291666666693
H.254|L.271|L.272|F.306,0.018494791666666496
H.254|L.271|L.272|I.306,-0.018494791666666496
H.254|L.271|M.272|F.306,-0.018494791666666496
H.254|L.271|M.272|I.306,0.018494791666666496
H.254|F.271|L.272|F.306,-0.018494791666666496
H.254|F.271|L.272|I.306,0.018494791666666496
H.254|F.271|M.272|F.306,0.018494791666666496
H.254|F.271|M.272|I.306,-0.018494791666666496
R.254|L.271|L.272|F.306,-0.018494791666666496
R.254|L.271|L.272|I.306,0.018494791666666496
R.254|L.271|M.272|F.306,0.018494791666666496
R.254|L.271|M.272|I.306,-0.018494791666666496
R.254|F.271|L.272|F.306,0.018494791666666496
R.254|F.271|L.272|I.306,-0.018494791666666496
R.254|F.271|M.272|F.306,-0.018494791666666496
R.254|F.271|M.272|I.306,0.018494791666666496
H.254|L.271|L.272|I.313,-0.00253645833333329
H.254|L.271|L.272|F.313,0.00253645833333329
H.254|L.271|M.272|I.313,0.00253645833333329
H.254|L.271|M.272|F.313,-0.00253645833333329
H.254|F.271|L.272|I.313,0.00253645833333329
H.254|F.271|L.272|F.313,-0.00253645833333329
H.254|F.271|M.272|I.313,-0.00253645833333329
H.254|F.271|M.272|F.313,0.00253645833333329
R.254|L.271|L.272|I.313,0.00253645833333329
R.254|L.271|L.272|F.313,-0.00253645833333329
R.254|L.271|M.272|I.313,-0.00253645833333329
R.254|L.271|M.272|F.313,0.00253645833333329
R.254|F.271|L.272|I.313,-0.00253645833333329
R.254|F.271|L.272|F.313,0.00253645833333329
R.254|F.271|M.272|I.313,0.00253645833333329
R.254|F.271|M.272|F.313,-0.00253645833333329
H.254|L.271|F.306|I.313,0.027630208333333336
H.254|L.271|F.306|F.313,-0.027630208333333336
H.254|L.271|I.306|I.313,-0.027630208333333336
H.254|L.271|I.306|F.313,0.027630208333333336
H.254|F.271|F.306|I.313,-0.027630208333333336
H.254|F.271|F.306|F.313,0.027630208333333336
H.254|F.271|I.306|I.313,0.027630208333333336
H.254|F.271|I.306|F.313,-0.027630208333333336
R.254|L.271|F.306|I.313,-0.027630208333333336
R.254|L.271|F.306|F.313,0.027630208333333336
R.254|L.271|I.306|I.313,0.027630208333333336
R.254|L.271|I.306|F.313,-0.027630208333333336
R.254|F.271|F.306|I.313,0.027630208333333336
R.254|F.271|F.306|F.313,-0.027630208333333336
R.254|F.271|I.306|I.313,-0.027630208333333336
R.254|F.271|I.306|F.313,0.027630208333333336
H.254|L.272|F.306|I.313,-0.007807291666666674
H.254|L.272|F.306|F.313,0.007807291666666674
H.254|L.272|I.306|I.313,0.007807291666666674
H.254|L.272|I.306|F.313,-0.007807291666666674
H.254|M.272|F.306|I.313,0.007807291666666674
H.254|M.272|F.306|F.313,-0.007807291666666674
H.254|M.272|I.306|I.313,-0.007807291666666674
H.254|M.272|I.306|F.313,0.007807291666666674
R.254|L.272|F.306|I.313,0.007807291666666674
R.254|L.272|F.306|F.313,-0.007807291666666674
R.254|L.272|I.306|I.313,-0.007807291666666674
R.254|L.272|I.306|F.313,0.007807291666666674
R.254|M.272|F.306|I.313,-0.007807291666666674
R.254|M.272|F.306|F.313,0.007807291666666674
R.254|M.272|I.306|I.313,0.007807291666666674
R.254|M.272|I.306|F.313,-0.007807291666666674
L.271|L.272|F.306|I.313,-0.014036458333333314
L.271|L.272|F.306|F.313,0.014036458333333314
L.271|L.272|I.306|I.313,0.014036458333333314
L.271|L.272|I.306|F.313,-0.014036458333333314
L.271|M.272|F.306|I.313,0.014036458333333314
L.271|M.272|F.306|F.313,-0.014036458333333314
L.271|M.272|I.306|I.313,-0.014036458333333314
L.271|M.272|I.306|F.313,0.014036458333333314
F.271|L.272|F.306|I.313,0.014036458333333314
F.271|L.272|F.306|F.313,-0.014036458333333314
F.271|L.272|I.306|I.313,-0.014036458333333314
F.271|L.272|I.306|F.313,0.014036458333333314
F.271|M.272|F.306|I.313,-0.014036458333333314
F.271|M.272|F.306|F.313,0.014036458333333314
F.271|M.272|I.306|I.313,0.014036458333333314
F.271|M.272|I.306|F.313,-0.014036458333333314
D.233|H.254|L.271|L.272|F.306,-0.002744791666666524
D.233|H.254|L.271|L.272|I.306,0.002744791666666524
D.233|H.254|L.271|M.272|F.306,0.002744791666666524
D.233|H.254|L.271|M.272|I.306,-0.002744791666666524
D.233|H.254|F.271|L.272|F.306,0.002744791666666524
D.233|H.254|F.271|L.272|I.306,-0.002744791666666524
D.233|H.254|F.271|M.272|F.306,-0.002744791666666524
D.233|H.254|F.271|M.272|I.306,0.002744791666666524
D.233|R.254|L.271|L.272|F.306,0.002744791666666524
D.233|R.254|L.271|L.272|I.306,-0.002744791666666524
D.233|R.254|L.271|M.272|F.306,-0.002744791666666524
D.233|R.254|L.271|M.272|I.306,0.002744791666666524
D.233|R.254|F.271|L.272|F.306,-0.002744791666666524
D.233|R.254|F.271|L.272|I.306,0.002744791666666524
D.233|R.254|F.271|M.272|F.306,0.002744791666666524
D.233|R.254|F.271|M.272|I.306,-0.002744791666666524
E.233|H.254|L.271|L.272|F.306,0.002744791666666524
E.233|H.254|L.271|L.272|I.306,-0.002744791666666524
E.233|H.254|L.271|M.272|F.306,-0.002744791666666524
E.233|H.254|L.271|M.272|I.306,0.002744791666666524
E.233|H.254|F.271|L.272|F.306,-0.002744791666666524
E.233|H.254|F.271|L.272|I.306,0.002744791666666524
E.233|H.254|F.271|M.272|F.306,0.002744791666666524
E.233|H.254|F.271|M.272|I.306,-0.002744791666666524
E.233|R.254|L.271|L.272|F.306,-0.002744791666666524
E.233|R.254|L.271|L.272|I.306,0.002744791666666524
E.233|R.254|L.271|M.272|F.306,0.002744791666666524
E.233|R.254|L.271|M.272|I.306,-0.002744791666666524
E.233|R.254|F.271|L.272|F.306,0.002744791666666524
E.233|R.254|F.271|L.272|I.306,-0.002744791666666524
E.233|R.254|F.271|M.272|F.306,-0.002744791666666524
E.233|R.254|F.271|M.272|I.306,0.002744791666666524
D.233|H.254|L.271|L.272|I.313,-0.01813020833333328
D.233|H.254|L.271|L.272|F.313,0.01813020833333328
D.233|H.254|L.271|M.272|I.313,0.01813020833333328
D.233|H.254|L.271|M.272|F.313,-0.01813020833333328
D.233|H.254|F.271|L.272|I.313,0.01813020833333328
D.233|H.254|F.271|L.272|F.313,-0.01813020833333328
D.233|H.254|F.271|M.272|I.313,-0.01813020833333328
D.233|H.254|F.271|M.272|F.313,0.01813020833333328
D.233|R.254|L.271|L.272|I.313,0.01813020833333328
D.233|R.254|L.271|L.272|F.313,-0.01813020833333328
D.233|R.254|L.271|M.272|I.313,-0.01813020833333328
D.233|R.254|L.271|M.272|F.313,0.01813020833333328
D.233|R.254|F.271|L.272|I.313,-0.01813020833333328
D.233|R.254|F.271|L.272|F.313,0.01813020833333328
D.233|R.254|F.271|M.272|I.313,0.01813020833333328
D.233|R.254|F.271|M.272|F.313,-0.01813020833333328
E.233|H.254|L.271|L.272|I.313,0.01813020833333328
E.233|H.254|L.271|L.272|F.313,-0.01813020833333328
E.233|H.254|L.271|M.272|I.313,-0.01813020833333328
E.233|H.254|L.271|M.272|F.313,0.01813020833333328
E.233|H.254|F.271|L.272|I.313,-0.01813020833333328
E.233|H.254|F.271|L.272|F.313,0.01813020833333328
E.233|H.254|F.271|M.272|I.313,0.01813020833333328
E.233|H.254|F.271|M.272|F.313,-0.01813020833333328
E.233|R.254|L.271|L.272|I.313,-0.01813020833333328
E.233|R.254|L.271|L.272|F.313,0.01813020833333328
E.233|R.254|L.271|M.272|I.313,0.01813020833333328
E.233|R.254|L.271|M.272|F.313,-0.01813020833333328
E.233|R.254|F.271|L.272|I.313,0.01813020833333328
E.233|R.254|F.271|L.272|F.313,-0.01813020833333328
E.233|R.254|F.271|M.272|I.313,-0.01813020833333328
E.233|R.254|F.271|M.272|F.313,0.01813020833333328
D.233|H.254|L.271|F.306|I.313,0.013557291666666693
D.233|H.254|L.271|F.306|F.313,-0.013557291666666693
D.233|H.254|L.271|I.306|I.313,-0.013557291666666693
D.233|H.254|L.271|I.306|F.313,0.013557291666666693
D.233|H.254|F.271|F.306|I.313,-0.013557291666666693
D.233|H.254|F.271|F.306|F.313,0.013557291666666693
D.233|H.254|F.271|I.306|I.313,0.013557291666666693
D.233|H.254|F.271|I.306|F.313,-0.013557291666666693
D.233|R.254|L.271|F.306|I.313,-0.013557291666666693
D.233|R.254|L.271|F.306|F.313,0.013557291666666693
D.233|R.254|L.271|I.306|I.313,0.013557291666666693
D.233|R.254|L.271|I.306|F.313,-0.013557291666666693
D.233|R.254|F.271|F.306|I.313,0.013557291666666693
D.233|R.254|F.271|F.306|F.313,-0.013557291666666693
D.233|R.254|F.271|I.306|I.313,-0.013557291666666693
D.233|R.254|F.271|I.306|F.313,0.013557291666666693
E.233|H.254|L.271|F.306|I.313,-0.013557291666666693
E.233|H.254|L.271|F.306|F.313,0.013557291666666693
E.233|H.254|L.271|I.306|I.313,0.013557291666666693
E.233|H.254|L.271|I.306|F.313,-0.013557291666666693
E.233|H.254|F.271|F.306|I.313,0.013557291666666693
E.233|H.254|F.271|F.306|F.313,-0.013557291666666693
E.233|H.254|F.271|I.306|I.313,-0.013557291666666693
E.233|H.254|F.271|I.306|F.313,0.013557291666666693
E.233|R.254|L.271|F.306|I.313,0.013557291666666693
E.233|R.254|L.271|F.306|F.313,-0.013557291666666693
E.233|R.254|L.271|I.306|I.313,-0.013557291666666693
E.233|R.254|L.271|I.306|F.313,0.013557291666666693
E.233|R.254|F.271|F.306|I.313,-0.013557291666666693
E.233|R.254|F.271|F.306|F.313,0.013557291666666693
E.233|R.254|F.271|I.306|I.313,0.013557291666666693
E.233|R.254|F.271|I.306|F.313,-0.013557291666666693
D.233|H.254|L.272|F.306|I.313,0.02541145833333333
D.233|H.254|L.272|F.306|F.313,-0.02541145833333333
D.233|H.254|L.272|I.306|I.313,-0.02541145833333333
D.233|H.254|L.272|I.306|F.313,0.02541145833333333
D.233|H.254|M.272|F.306|I.313,-0.02541145833333333
D.233|H.254|M.272|F.306|F.313,0.02541145833333333
D.233|H.254|M.272|I.306|I.313,0.02541145833333333
D.233|H.254|M.272|I.306|F.313,-0.02541145833333333
D.233|R.254|L.272|F.306|I.313,-0.02541145833333333
D.233|R.254|L.272|F.306|F.313,0.02541145833333333
D.233|R.254|L.272|I.306|I.313,0.02541145833333333
D.233|R.254|L.272|I.306|F.313,-0.02541145833333333
D.233|R.254|M.272|F.306|I.313,0.02541145833333333
D.233|R.254|M.272|F.306|F.313,-0.02541145833333333
D.233|R.254|M.272|I.306|I.313,-0.02541145833333333
D.233|R.254|M.272|I.306|F.313,0.02541145833333333
E.233|H.254|L.272|F.306|I.313,-0.02541145833333333
E.233|H.254|L.272|F.306|F.313,0.02541145833333333
E.233|H.254|L.272|I.306|I.313,0.02541145833333333
E.233|H.254|L.272|I.306|F.313,-0.02541145833333333
E.233|H.254|M.272|F.306|I.313,0.02541145833333333
E.233|H.254|M.272|F.306|F.313,-0.02541145833333333
E.233|H.254|M.272|I.306|I.313,-0.02541145833333333
E.233|H.254|M.272|I.306|F.313,0.02541145833333333
E.233|R.254|L.272|F.306|I.313,0.02541145833333333
E.233|R.254|L.272|F.306|F.313,-0.02541145833333333
E.233|R.254|L.272|I.306|I.313,-0.02541145833333333
E.233|R.254|L.272|I.306|F.313,0.02541145833333333
E.233|R.254|M.272|F.306|I.313,-0.02541145833333333
E.233|R.254|M.272|F.306|F.313,0.02541145833333333
E.233|R.254|M.272|I.306|I.313,0.02541145833333333
E.233|R.254|M.272|I.306|F.313,-0.02541145833333333
D.233|L.271|L.272|F.306|I.313,0.0012239583333333165
D.233|L.271|L.272|F.306|F.313,-0.0012239583333333165
D.233|L.271|L.272|I.306|I.313,-0.0012239583333333165
D.233|L.271|L.272|I.306|F.313,0.0012239583333333165
D.233|L.271|M.272|F.306|I.313,-0.0012239583333333165
D.233|L.271|M.272|F.306|F.313,0.0012239583333333165
D.233|L.271|M.272|I.306|I.313,0.0012239583333333165
D.233|L.271|M.272|I.306|F.313,-0.0012239583333333165
D.233|F.271|L.272|F.306|I.313,-0.0012239583333333165
D.233|F.271|L.272|F.306|F.313,0.0012239583333333165
D.233|F.271|L.272|I.306|I.313,0.0012239583333333165
D.233|F.271|L.272|I.306|F.313,-0.0012239583333333165
D.233|F.271|M.272|F.306|I.313,0.0012239583333333165
D.233|F.271|M.272|F.306|F.313,-0.0012239583333333165
D.233|F.271|M.272|I.306|I.313,-0.0012239583333333165
D.233|F.271|M.272|I.306|F.313,0.0012239583333333165
E.233|L.271|L.272|F.306|I.313,-0.0012239583333333165
E.233|L.271|L.272|F.306|F.313,0.0012239583333333165
E.233|L.271|L.272|I.306|I.313,0.0012239583333333165
E.233|L.271|L.272|I.306|F.313,-0.0012239583333333165
E.233|L.271|M.272|F.306|I.313,0.0012239583333333165
E.233|L.271|M.272|F.306|F.313,-0.0012239583333333165
E.233|L.271|M.272|I.306|I.313,-0.0012239583333333165
E.233|L.271|M.272|I.306|F.313,0.0012239583333333165
E.233|F.271|L.272|F.306|I.313,0.0012239583333333165
E.233|F.271|L.272|F.306|F.313,-0.0012239583333333165
E.233|F.271|L.272|I.306|I.313,-0.0012239583333333165
E.233|F.271|L.272|I.306|F.313,0.0012239583333333165
E.233|F.271|M.272|F.306|I.313,-0.0012239583333333165
E.233|F.271|M.272|F.306|F.313,0.0012239583333333165
E.233|F.271|M.272|I.306|I.313,0.0012239583333333165
E.233|F.271|M.272|I.306|F.313,-0.0012239583333333165
H.254|L.271|L.272|F.306|I.313,0.01694270833333339
H.254|L.271|L.272|F.306|F.313,-0.01694270833333339
H.254|L.271|L.272|I.306|I.313,-0.01694270833333339
H.254|L.271|L.272|I.306|F.313,0.01694270833333339
H.254|L.271|M.272|F.306|I.313,-0.01694270833333339
H.254|L.271|M.272|F.306|F.313,0.01694270833333339
H.254|L.271|M.272|I.306|I.313,0.01694270833333339
H.254|L.271|M.272|I.306|F.313,-0.01694270833333339
H.254|F.271|L.272|F.306|I.313,-0.01694270833333339
H.254|F.271|L.272|F.306|F.313,0.01694270833333339
H.254|F.271|L.272|I.306|I.313,0.01694270833333339
H.254|F.271|L.272|I.306|F.313,-0.01694270833333339
H.254|F.271|M.272|F.306|I.313,0.01694270833333339
H.254|F.271|M.272|F.306|F.313,-0.01694270833333339
H.254|F.271|M.272|I.306|I.313,-0.01694270833333339
H.254|F.271|M.272|I.306|F.313,0.01694270833333339
R.254|L.271|L.272|F.306|I.313,-0.01694270833333339
R.254|L.271|L.272|F.306|F.313,0.01694270833333339
R.254|L.271|L.272|I.306|I.313,0.01694270833333339
R.254|L.271|L.272|I.306|F.313,-0.01694270833333339
R.254|L.271|M.272|F.306|I.313,0.01694270833333339
R.254|L.271|M.272|F.306|F.313,-0.01694270833333339
R.254|L.271|M.272|I.306|I.313,-0.01694270833333339
R.254|L.271|M.272|I.306|F.313,0.01694270833333339
R.254|F.271|L.272|F.306|I.313,0.01694270833333339
R.254|F.271|L.272|F.306|F.313,-0.01694270833333339
R.254|F.271|L.272|I.306|I.313,-0.01694270833333339
R.254|F.271|L.272|I.306|F.313,0.01694270833333339
R.254|F.271|M.272|F.306|I.313,-0.01694270833333339
R.254|F.271|M.272|F.306|F.313,0.01694270833333339
R.254|F.271|M.272|I.306|I.313,0.01694270833333339
R.254|F.271|M.272|I.306|F.313,-0.01694270833333339
D.233|H.254|L.271|L.272|F.306|I.313,0.026807291666666747
D.233|H.254|L.271|L.272|F.306|F.313,-0.026807291666666747
D.233|H.254|L.271|L.272|I.306|I.313,-0.026807291666666747
D.233|H.254|L.271|L.272|I.306|F.313,0.026807291666666747
D.233|H.254|L.271|M.272|F.306|I.313,-0.026807291666666747
D.233|H.254|L.271|M.272|F.306|F.313,0.026807291666666747
D.233|H.254|L.271|M.272|I.306|I.313,0.026807291666666747
D.233|H.254|L.271|M.272|I.306|F.313,-0.026807291666666747
D.233|H.254|F.271|L.272|F.306|I.313,-0.026807291666666747
D.233|H.254|F.271|L.272|F.306|F.313,0.026807291666666747
D.233|H.254|F.271|L.272|I.306|I.313,0.026807291666666747
D.233|H.254|F.271|L.272|I.306|F.313,-0.026807291666666747
D.233|H.254|F.271|M.272|F.306|I.313,0.026807291666666747
D.233|H.254|F.271|M.272|F.306|F.313,-0.026807291666666747
D.233|H.254|F.271|M.272|I.306|I.313,-0.026807291666666747
D.233|H.254|F.271|M.272|I.306|F.313,0.026807291666666747
D.233|R.254|L.271|L.272|F.306|I.313,-0.026807291666666747
D.233|R.254|L.271|L.272|F.306|F.313,0.026807291666666747
D.233|R.254|L.271|L.272|I.306|I.313,0.026807291666666747
D.233|R.254|L.271|L.272|I.306|F.313,-0.026807291666666747
D.233|R.254|L.271|M.272|F.306|I.313,0.026807291666666747
D.233|R.254|L.271|M.272|F.306|F.313,-0.026807291666666747
D.233|R.254|L.271|M.272|I.306|I.313,-0.026807291666666747
D.233|R.254|L.271|M.272|I.306|F.313,0.026807291666666747
D.233|R.254|F.271|L.272|F.306|I.313,0.026807291666666747
D.233|R.254|F.271|L.272|F.306|F.313,-0.026807291666666747
D.233|R.254|F.271|L.272|I.306|I.313,-0.026807291666666747
D.233|R.254|F.271|L.272|I.306|F.313,0.026807291666666747
D.233|R.254|F.271|M.272|F.306|I.313,-0.026807291666666747
D.233|R.254|F.271|M.272|F.306|F.313,0.026807291666666747
D.233|R.254|F.271|M.272|I.306|I.313,0.026807291666666747
D.233|R.254|F.271|M.272|I.306|F.313,-0.026807291666666747
E.233|H.254|L.271|L.272|F.306|I.313,-0.026807291666666747
E.233|H.254|L.271|L.272|F.306|F.313,0.026807291666666747
E.233|H.254|L.271|L.272|I.306|I.313,0.026807291666666747
E.233|H.254|L.271|L.272|I.306|F.313,-0.026807291666666747
E.233|H.254|L.271|M.272|F.306|I.313,0.026807291666666747
E.233|H.254|L.271|M.272|F.306|F.313,-0.026807291666666747
E.233|H.254|L.271|M.272|I.306|I.313,-0.026807291666666747
E.233|H.254|L.271|M.272|I.306|F.313,0.026807291666666747
E.233|H.254|F.271|L.272|F.306|I.313,0.026807291666666747
E.233|H.254|F.271|L.272|F.306|F.313,-0.026807291666666747
E.233|H.254|F.271|L.272|I.306|I.313,-0.026807291666666747
E.233|H.254|F.271|L.272|I.306|F.313,0.026807291666666747
E.233|H.254|F.271|M.272|F.306|I.313,-0.026807291666666747
E.233|H.254|F.271|M.272|F.306|F.313,0.026807291666666747
E.233|H.254|F.271|M.272|I.306|I.313,0.026807291666666747
E.233|H.254|F.271|M.272|I.306|F.313,-0.026807291666666747
E.233|R.254|L.271|L.272|F.306|I.313,0.026807291666666747
E.233|R.254|L.271|L.272|F.306|F.313,-0.026807291666666747
E.233|R.254|L.271|L.272|I.306|I.313,-0.026807291666666747
E.233|R.254|L.271|L.272|I.306|F.313,0.026807291666666747
E.233|R.254|L.271|M.272|F.306|I.313,-0.026807291666666747
E.233|R.254|L.271|M.272|F.306|F.313,0.026807291666666747
E.233|R.254|L.271|M.272|I.306|I.313,0.026807291666666747
E.233|R.254|L.271|M.272|I.306|F.313,-0.026807291666666747
E.233|R.254|F.271|L.272|F.306|I.313,-0.026807291666666747
E.233|R.254|F.271|L.272|F.306|F.313,0.026807291666666747
E.233|R.254|F.271|L.272|I.306|I.313,0.026807291666666747
E.233|R.254|F.271|L.272|I.306|F.313,-0.026807291666666747
E.233|R.254|F.271|M.272|F.306|I.313,0.026807291666666747
E.233|R.254|F.271|M.272|F.306|F.313,-0.026807291666666747
E.233|R.254|F.271|M.272|I.306|I.313,-0.026807291666666747
E.233|R.254|F.271|M.272|I.306|F.313,0.026807291666666747
