indices,effect,R2
INTERCEPT,1.5039895833333337,0
233,0.22878124999999958,0.017028252029330226
254,1.583052083333333,0.8153040874165379
271,0.22559375000000004,0.016557064449783443
272,0.20409375000000018,0.013551539122415801
306,-0.4499062500000003,0.06585265132604723
313,-0.07780208333333323,0.0019692990215766093
233|254,0.06571875000000027,0.001405101835364242
233|271,-0.048406249999999845,0.0007623108325592876
233|272,-0.07282291666666632,0.0017253028928507774
233|306,0.1303020833333334,0.005523723503023326
233|313,-0.10117708333333356,0.0033303779595180716
254|271,0.013906249999999953,6.291428678129041e-05
254|272,0.08273958333333331,0.0022271828377350422
254|306,0.05115625000000017,0.000851386215750094
254|313,0.0564687499999999,0.0010373983688860555
271|272,-0.03326041666666707,0.00035990226789173185
271|306,0.0976979166666666,0.0031052732201507505
271|313,0.15955208333333298,0.00828197987732704
272|306,0.05944791666666702,0.0011497475461361706
272|313,0.03667708333333297,0.0004376418007990823
306|313,0.02030208333333318,0.00013409433302868923
233|254|271,0.14236458333333318,0.006593759991892267
233|254|272,-0.06580208333333298,0.001408667516621609
233|254|306,0.07807291666666666,0.0019830333615575846
233|254|313,-0.02078124999999978,0.00014049877778998798
233|271|272,-0.032385416666666805,0.0003412150593943286
233|271|306,-0.0016354166666669029,8.701338242156353e-07
233|271|313,-0.08036458333333366,0.002101157496516959
233|272|306,-0.020718749999999966,0.00013965494319490013
233|272|313,0.0010937499999999767,3.8919329026221305e-07
233|306|313,0.015177083333333244,7.493864735330646e-05
254|271|272,0.04630208333333333,0.0006974776198762633
254|271|306,0.1475104166666669,0.007079043675849772
254|271|313,0.005406250000000001,9.508706926397714e-06
254|272|306,0.06626041666666649,0.0014283595321772369
254|272|313,0.006781250000000155,1.4960590078216818e-05
254|306|313,0.018906249999999764,0.00011628936659091593
271|272|306,0.0352604166666667,0.00040448655677927103
271|272|313,-0.05609375,0.0010236657233521074
271|306|313,0.01590625000000012,8.23123157862593e-05
272|306|313,0.00011458333333316806,4.2714183301484354e-09
233|254|271|272,-0.039031249999999906,0.0004956260587968275
233|254|271|306,0.021968749999999898,0.00015701455248551266
233|254|271|313,0.07236458333333315,0.001703653791035209
233|254|272|306,-0.08053124999999978,0.0021098816391913466
233|254|272|313,-0.015510416666666582,7.826654121845245e-05
233|254|306|313,-0.05042708333333312,0.0008272883556432742
233|271|272|306,-0.04753124999999961,0.0007350005833902662
233|271|272|313,-0.0076354166666667694,1.8966827550093157e-05
233|271|306|313,-0.06684374999999981,0.0014536197829108088
233|272|306|313,0.011114583333333386,4.0189775950549844e-05
254|271|272|306,0.03698958333333299,0.0004451312564425214
254|271|272|313,-0.00507291666666658,8.372297819692065e-06
254|271|306|313,0.05526041666666667,0.0009934763263594881
254|272|306|313,-0.015614583333333348,7.932133446231227e-05
271|272|306|313,-0.028072916666666628,0.0002563918908952134
233|254|271|272|306,0.005489583333333048,9.804105516209027e-06
233|254|271|272|313,0.03626041666666656,0.0004277547026820816
233|254|271|306|313,-0.027114583333333386,0.00023918562905611562
233|254|272|306|313,-0.05082291666666666,0.000840327125139595
233|271|272|306|313,-0.002447916666666633,1.949496549302765e-06
254|271|272|306|313,-0.03388541666666678,0.0003735552744179582
233|254|271|272|306|313,0.05361458333333349,0.0009351797253021044
